"sourceKey","category","itemName","allergenStatus","celery","cereals containing gluten","crustaceans","eggs","fish","lupin","milk","molluscs","mustard","nuts","peanuts","sesame","soya","sulphites","crossContaminationNotes","evidenceSource","approvedBy","approvedAt"
"starters-vegetable-pakora","Starters","Vegetable Pakora","needs-review","","","","","","","","","","","","","","","","","",""
"starters-gobi-pakora","Starters","Gobi Pakora","needs-review","","","","","","","","","","","","","","","","","",""
"starters-mushroom-pakora","Starters","Mushroom Pakora","needs-review","","","","","","","","","","","","","","","","","",""
"starters-chicken-pakora","Starters","Chicken Pakora","needs-review","","","","","","","","","","","","","","","","","",""
"starters-fish-pakora","Starters","Fish Pakora","needs-review","","","","","","","","","","","","","","","","","",""
"starters-chicken-65","Starters","Chicken 65","confirmed","","contains","","","","","contains","","","","","","","","Declared by the restaurant in the supplied menu: D = dairy, N = nuts, G = gluten.","Owner-supplied Malabar Coast menu PDF, pages 2–9 (D/N/G legend)","Malabar Coast restaurant","2026-09-28T20:01:05+05:30"
"starters-chicken-chaat","Starters","Chicken Chaat","confirmed","","","","","","","contains","","","","","","","","Declared by the restaurant in the supplied menu: D = dairy, N = nuts, G = gluten.","Owner-supplied Malabar Coast menu PDF, pages 2–9 (D/N/G legend)","Malabar Coast restaurant","2026-09-28T20:01:05+05:30"
"starters-potato-skins","Starters","Potato Skins","needs-review","","","","","","","","","","","","","","","","","",""
"starters-mixed-pakora","Starters","Mixed Pakora","needs-review","","","","","","","","","","","","","","","","","",""
"starters-garlic-mushroom","Starters","Garlic Mushroom","needs-review","","","","","","","","","","","","","","","","","",""
"starters-malai-mushroom","Starters","Malai Mushroom","needs-review","","","","","","","","","","","","","","","","","",""
"indian-snacks-pazham-pori-2-pieces","Indian Snacks","Pazham Pori (2 pieces)","needs-review","","","","","","","","","","","","","","","","","",""
"indian-snacks-uzhunnu-vada-2-pieces","Indian Snacks","Uzhunnu Vada (2 pieces)","needs-review","","","","","","","","","","","","","","","","","",""
"indian-snacks-sugiyan-2-pieces","Indian Snacks","Sugiyan (2 pieces)","needs-review","","","","","","","","","","","","","","","","","",""
"indian-snacks-parippu-vada-2-pieces","Indian Snacks","Parippu Vada (2 pieces)","needs-review","","","","","","","","","","","","","","","","","",""
"indian-snacks-ulli-vada-2-pieces","Indian Snacks","Ulli Vada (2 pieces)","needs-review","","","","","","","","","","","","","","","","","",""
"indian-snacks-bonda-2-pieces","Indian Snacks","Bonda (2 pieces)","needs-review","","","","","","","","","","","","","","","","","",""
"clay-oven-tandoori-chicken","Clay Oven","Tandoori Chicken","confirmed","","","","","","","contains","","","","","","","","Declared by the restaurant in the supplied menu: D = dairy, N = nuts, G = gluten.","Owner-supplied Malabar Coast menu PDF, pages 2–9 (D/N/G legend)","Malabar Coast restaurant","2026-09-28T20:01:05+05:30"
"clay-oven-chicken-tikka","Clay Oven","Chicken Tikka","confirmed","","","","","","","contains","","","","","","","","Declared by the restaurant in the supplied menu: D = dairy, N = nuts, G = gluten.","Owner-supplied Malabar Coast menu PDF, pages 2–9 (D/N/G legend)","Malabar Coast restaurant","2026-09-28T20:01:05+05:30"
"clay-oven-lamb-tikka","Clay Oven","Lamb Tikka","confirmed","","","","","","","contains","","","","","","","","Declared by the restaurant in the supplied menu: D = dairy, N = nuts, G = gluten.","Owner-supplied Malabar Coast menu PDF, pages 2–9 (D/N/G legend)","Malabar Coast restaurant","2026-09-28T20:01:05+05:30"
"clay-oven-tandoori-mixed-grill","Clay Oven","Tandoori Mixed Grill","confirmed","","","","","","","contains","","","","","","","","Declared by the restaurant in the supplied menu: D = dairy, N = nuts, G = gluten.","Owner-supplied Malabar Coast menu PDF, pages 2–9 (D/N/G legend)","Malabar Coast restaurant","2026-09-28T20:01:05+05:30"
"clay-oven-paneer-tikka","Clay Oven","Paneer Tikka","confirmed","","","","","","","contains","","","","","","","","Declared by the restaurant in the supplied menu: D = dairy, N = nuts, G = gluten.","Owner-supplied Malabar Coast menu PDF, pages 2–9 (D/N/G legend)","Malabar Coast restaurant","2026-09-28T20:01:05+05:30"
"clay-oven-chicken-shashlik","Clay Oven","Chicken Shashlik","confirmed","","","","","","","contains","","","","","","","","Declared by the restaurant in the supplied menu: D = dairy, N = nuts, G = gluten.","Owner-supplied Malabar Coast menu PDF, pages 2–9 (D/N/G legend)","Malabar Coast restaurant","2026-09-28T20:01:05+05:30"
"clay-oven-tandoori-jinga","Clay Oven","Tandoori Jinga","confirmed","","","","","","","contains","","","","","","","","Declared by the restaurant in the supplied menu: D = dairy, N = nuts, G = gluten.","Owner-supplied Malabar Coast menu PDF, pages 2–9 (D/N/G legend)","Malabar Coast restaurant","2026-09-28T20:01:05+05:30"
"tikka-meals-chicken-tikka-meal","Main Courses - Tikka Meals","Chicken Tikka Meal","needs-review","","","","","","","","","","","","","","","","","",""
"tikka-meals-lamb-tikka-meal","Main Courses - Tikka Meals","Lamb Tikka Meal","needs-review","","","","","","","","","","","","","","","","","",""
"chicken-traditional-chicken-curry","Chicken","Traditional Chicken Curry","confirmed","","","","","","","contains","","","","","","","","Declared by the restaurant in the supplied menu: D = dairy, N = nuts, G = gluten.","Owner-supplied Malabar Coast menu PDF, pages 2–9 (D/N/G legend)","Malabar Coast restaurant","2026-09-28T20:01:05+05:30"
"chicken-chicken-tikka-masala","Chicken","Chicken Tikka Masala","needs-review","","","","","","","","","","","","","","","","","",""
"chicken-butter-chicken","Chicken","Butter Chicken","confirmed","","","","","","","contains","","","contains","","","","","Declared by the restaurant in the supplied menu: D = dairy, N = nuts, G = gluten.","Owner-supplied Malabar Coast menu PDF, pages 2–9 (D/N/G legend)","Malabar Coast restaurant","2026-09-28T20:01:05+05:30"
"chicken-chicken-chasni","Chicken","Chicken Chasni","confirmed","","","","","","","contains","","","","","","","","Declared by the restaurant in the supplied menu: D = dairy, N = nuts, G = gluten.","Owner-supplied Malabar Coast menu PDF, pages 2–9 (D/N/G legend)","Malabar Coast restaurant","2026-09-28T20:01:05+05:30"
"chicken-mughlai-korma","Chicken","Mughlai Korma","confirmed","","","","","","","contains","","","","","","","","Declared by the restaurant in the supplied menu: D = dairy, N = nuts, G = gluten.","Owner-supplied Malabar Coast menu PDF, pages 2–9 (D/N/G legend)","Malabar Coast restaurant","2026-09-28T20:01:05+05:30"
"chicken-chicken-bhuna","Chicken","Chicken Bhuna","needs-review","","","","","","","","","","","","","","","","","",""
"chicken-chicken-jalfrezi","Chicken","Chicken Jalfrezi","needs-review","","","","","","","","","","","","","","","","","",""
"chicken-chicken-dopiaza","Chicken","Chicken Dopiaza","needs-review","","","","","","","","","","","","","","","","","",""
"chicken-chicken-kadai","Chicken","Chicken Kadai","needs-review","","","","","","","","","","","","","","","","","",""
"chicken-indian-garlic-chilli-chicken","Chicken","Indian Garlic Chilli Chicken","confirmed","","","","","","","contains","","","","","","","","Declared by the restaurant in the supplied menu: D = dairy, N = nuts, G = gluten.","Owner-supplied Malabar Coast menu PDF, pages 2–9 (D/N/G legend)","Malabar Coast restaurant","2026-09-28T20:01:05+05:30"
"chicken-dragon-chicken","Chicken","Dragon Chicken Tikka","needs-review","","","","","","","","","","","","","","","","","",""
"chicken-malaidar-chicken","Chicken","Malaidar Chicken","confirmed","","","","","","","contains","","","","","","","","Declared by the restaurant in the supplied menu: D = dairy, N = nuts, G = gluten.","Owner-supplied Malabar Coast menu PDF, pages 2–9 (D/N/G legend)","Malabar Coast restaurant","2026-09-28T20:01:05+05:30"
"beef-traditional-beef-curry","Beef","Traditional Beef Curry","needs-review","","","","","","","","","","","","","","","","","",""
"beef-beef-bhuna","Beef","Beef Bhuna","needs-review","","","","","","","","","","","","","","","","","",""
"beef-beef-kadai","Beef","Beef Kadai","needs-review","","","","","","","","","","","","","","","","","",""
"beef-indian-garlic-chilli-beef","Beef","Indian Garlic Chilli Beef","needs-review","","","","","","","","","","","","","","","","","",""
"beef-malaidar-beef","Beef","Malaidar Beef","needs-review","","","","","","","","","","","","","","","","","",""
"lamb-traditional-lamb-curry","Lamb","Traditional Lamb Curry","confirmed","","","","","","","contains","","","","","","","","Declared by the restaurant in the supplied menu: D = dairy, N = nuts, G = gluten.","Owner-supplied Malabar Coast menu PDF, pages 2–9 (D/N/G legend)","Malabar Coast restaurant","2026-09-28T20:01:05+05:30"
"lamb-lamb-chasni","Lamb","Lamb Chasni","confirmed","","","","","","","contains","","","","","","","","Declared by the restaurant in the supplied menu: D = dairy, N = nuts, G = gluten.","Owner-supplied Malabar Coast menu PDF, pages 2–9 (D/N/G legend)","Malabar Coast restaurant","2026-09-28T20:01:05+05:30"
"lamb-lamb-bhuna","Lamb","Lamb Bhuna","needs-review","","","","","","","","","","","","","","","","","",""
"lamb-lamb-jalfrezi","Lamb","Lamb Jalfrezi","needs-review","","","","","","","","","","","","","","","","","",""
"lamb-indian-garlic-chilli-lamb","Lamb","Indian Garlic Chilli Lamb","confirmed","","","","","","","contains","","","","","","","","Declared by the restaurant in the supplied menu: D = dairy, N = nuts, G = gluten.","Owner-supplied Malabar Coast menu PDF, pages 2–9 (D/N/G legend)","Malabar Coast restaurant","2026-09-28T20:01:05+05:30"
"lamb-malaidar-lamb","Lamb","Malaidar Lamb","needs-review","","","","","","","","","","","","","","","","","",""
"lamb-lamb-tikka-masala","Lamb","Lamb Tikka Masala","needs-review","","","","","","","","","","","","","","","","","",""
"lamb-lamb-mughlai-kuruma","Lamb","Lamb Mughlai Kuruma","needs-review","","","","","","","","","","","","","","","","","",""
"king-prawn-curries-king-prawn-traditional-curry","King Prawn Curries","King Prawn Traditional Curry","needs-review","","","","","","","","","","","","","","","","","",""
"king-prawn-curries-king-prawn-chasni","King Prawn Curries","King Prawn Chasni","needs-review","","","","","","","","","","","","","","","","","",""
"king-prawn-curries-indian-garlic-king-prawn","King Prawn Curries","Indian Garlic King Prawn","needs-review","","","","","","","","","","","","","","","","","",""
"king-prawn-curries-king-prawn-masala","King Prawn Curries","King Prawn Masala","needs-review","","","","","","","","","","","","","","","","","",""
"king-prawn-curries-king-prawn-jalfrezi","King Prawn Curries","King Prawn Jalfrezi","needs-review","","","","","","","","","","","","","","","","","",""
"vegetarian-dal-tadka","Vegetarian","Dal Tadka","confirmed","","","","","","","contains","","","","","","","","Declared by the restaurant in the supplied menu: D = dairy, N = nuts, G = gluten.","Owner-supplied Malabar Coast menu PDF, pages 2–9 (D/N/G legend)","Malabar Coast restaurant","2026-09-28T20:01:05+05:30"
"vegetarian-vegetable-mughlai-korma","Vegetarian","Vegetable Mughlai Korma","confirmed","","","","","","","contains","","","","","","","","Declared by the restaurant in the supplied menu: D = dairy, N = nuts, G = gluten.","Owner-supplied Malabar Coast menu PDF, pages 2–9 (D/N/G legend)","Malabar Coast restaurant","2026-09-28T20:01:05+05:30"
"vegetarian-paneer-butter-masala","Vegetarian","Paneer Butter Masala","confirmed","","","","","","","contains","","","","","","","","Declared by the restaurant in the supplied menu: D = dairy, N = nuts, G = gluten.","Owner-supplied Malabar Coast menu PDF, pages 2–9 (D/N/G legend)","Malabar Coast restaurant","2026-09-28T20:01:05+05:30"
"vegetarian-vegetable-chasni","Vegetarian","Vegetable Chasni","confirmed","","","","","","","contains","","","","","","","","Declared by the restaurant in the supplied menu: D = dairy, N = nuts, G = gluten.","Owner-supplied Malabar Coast menu PDF, pages 2–9 (D/N/G legend)","Malabar Coast restaurant","2026-09-28T20:01:05+05:30"
"vegetarian-aloo-gobi","Vegetarian","Aloo Gobi","confirmed","","","","","","","contains","","","","","","","","Declared by the restaurant in the supplied menu: D = dairy, N = nuts, G = gluten.","Owner-supplied Malabar Coast menu PDF, pages 2–9 (D/N/G legend)","Malabar Coast restaurant","2026-09-28T20:01:05+05:30"
"vegetarian-kadai-paneer","Vegetarian","Kadai Paneer","needs-review","","","","","","","","","","","","","","","","","",""
"vegetarian-indian-garlic-chilli-vegetables","Vegetarian","Indian Garlic Chilli Vegetables","needs-review","","","","","","","","","","","","","","","","","",""
"malabar-coast-signature-chicken-pollichathu","Malabar Coast Signature","Chicken Pollichathu","confirmed","","","","","","","contains","","","","","","","","Declared by the restaurant in the supplied menu: D = dairy, N = nuts, G = gluten.","Owner-supplied Malabar Coast menu PDF, pages 2–9 (D/N/G legend)","Malabar Coast restaurant","2026-09-28T20:01:05+05:30"
"malabar-coast-signature-kozhi-varutharacha","Malabar Coast Signature","Kozhi Varutharacha","confirmed","","","","","","","contains","","","","","","","","Declared by the restaurant in the supplied menu: D = dairy, N = nuts, G = gluten.","Owner-supplied Malabar Coast menu PDF, pages 2–9 (D/N/G legend)","Malabar Coast restaurant","2026-09-28T20:01:05+05:30"
"malabar-coast-signature-aattirachi-kurumulak","Malabar Coast Signature","Aattirachi Kurumulak","confirmed","","","","","","","contains","","","","","","","","Declared by the restaurant in the supplied menu: D = dairy, N = nuts, G = gluten.","Owner-supplied Malabar Coast menu PDF, pages 2–9 (D/N/G legend)","Malabar Coast restaurant","2026-09-28T20:01:05+05:30"
"malabar-coast-signature-beef-roast","Malabar Coast Signature","Beef Roast","confirmed","","","","","","","contains","","","","","","","","Declared by the restaurant in the supplied menu: D = dairy, N = nuts, G = gluten.","Owner-supplied Malabar Coast menu PDF, pages 2–9 (D/N/G legend)","Malabar Coast restaurant","2026-09-28T20:01:05+05:30"
"malabar-coast-signature-beef-thenga-kothu","Malabar Coast Signature","Beef Thenga Kothu","confirmed","","","","","","","contains","","","","","","","","Declared by the restaurant in the supplied menu: D = dairy, N = nuts, G = gluten.","Owner-supplied Malabar Coast menu PDF, pages 2–9 (D/N/G legend)","Malabar Coast restaurant","2026-09-28T20:01:05+05:30"
"malabar-coast-signature-kizhi-porotta","Malabar Coast Signature","Kizhi Porotta","confirmed","","contains","","","","","contains","","","","","","","","Declared by the restaurant in the supplied menu: D = dairy, N = nuts, G = gluten.","Owner-supplied Malabar Coast menu PDF, pages 2–9 (D/N/G legend)","Malabar Coast restaurant","2026-09-28T20:01:05+05:30"
"malabar-coast-signature-masala-grilled-fish","Malabar Coast Signature","Masala Grilled Fish","confirmed","","","","","","","contains","","","","","","","","Declared by the restaurant in the supplied menu: D = dairy, N = nuts, G = gluten.","Owner-supplied Malabar Coast menu PDF, pages 2–9 (D/N/G legend)","Malabar Coast restaurant","2026-09-28T20:01:05+05:30"
"malabar-coast-signature-meen-manga-curry","Malabar Coast Signature","Meen Manga Curry","confirmed","","","","","","","contains","","","","","","","","Declared by the restaurant in the supplied menu: D = dairy, N = nuts, G = gluten.","Owner-supplied Malabar Coast menu PDF, pages 2–9 (D/N/G legend)","Malabar Coast restaurant","2026-09-28T20:01:05+05:30"
"malabar-coast-signature-meen-moilee","Malabar Coast Signature","Meen Moilee","confirmed","","","","","","","contains","","","","","","","","Declared by the restaurant in the supplied menu: D = dairy, N = nuts, G = gluten.","Owner-supplied Malabar Coast menu PDF, pages 2–9 (D/N/G legend)","Malabar Coast restaurant","2026-09-28T20:01:05+05:30"
"malabar-coast-signature-konju-coconut-fry","Malabar Coast Signature","Konju Coconut Fry","confirmed","","","","","","","contains","","","","","","","","Declared by the restaurant in the supplied menu: D = dairy, N = nuts, G = gluten.","Owner-supplied Malabar Coast menu PDF, pages 2–9 (D/N/G legend)","Malabar Coast restaurant","2026-09-28T20:01:05+05:30"
"malabar-coast-signature-prawn-moilee","Malabar Coast Signature","Prawn Moilee","confirmed","","","","","","","contains","","","","","","","","Declared by the restaurant in the supplied menu: D = dairy, N = nuts, G = gluten.","Owner-supplied Malabar Coast menu PDF, pages 2–9 (D/N/G legend)","Malabar Coast restaurant","2026-09-28T20:01:05+05:30"
"malabar-coast-signature-fish-pollichathu","Malabar Coast Signature","Fish Pollichathu","needs-review","","","","","","","","","","","","","","","","","",""
"malabar-coast-signature-mushroom-varattiyath","Malabar Coast Signature","Mushroom Varattiyath","needs-review","","","","","","","","","","","","","","","","","",""
"malabar-coast-signature-mixed-veg-stew","Malabar Coast Signature","Mixed Veg Stew","needs-review","","","","","","","","","","","","","","","","","",""
"malabar-coast-signature-kanava-ularthiyath","Malabar Coast Signature","Kanava Ularthiyath","needs-review","","","","","","","","","","","","","","","","","",""
"malabar-coast-signature-neymeen-masala","Malabar Coast Signature","Neymeen Masala","needs-review","","","","","","","","","","","","","","","","","",""
"malabar-coast-signature-neymeen-pollichathu","Malabar Coast Signature","Neymeen Pollichathu","needs-review","","","","","","","","","","","","","","","","","",""
"malabar-coast-signature-kozhi-palu-pizhinjath","Malabar Coast Signature","Kozhi Palu Pizhinjath","needs-review","","","","","","","","","","","","","","","","","",""
"biriyani-chicken","Biriyani","Chicken Biriyani","confirmed","","","","","","","contains","","","contains","","","","","Declared by the restaurant in the supplied menu: D = dairy, N = nuts, G = gluten.","Owner-supplied Malabar Coast menu PDF, pages 2–9 (D/N/G legend)","Malabar Coast restaurant","2026-09-28T20:01:05+05:30"
"biriyani-beef","Biriyani","Beef Biriyani","confirmed","","","","","","","contains","","","contains","","","","","Declared by the restaurant in the supplied menu: D = dairy, N = nuts, G = gluten.","Owner-supplied Malabar Coast menu PDF, pages 2–9 (D/N/G legend)","Malabar Coast restaurant","2026-09-28T20:01:05+05:30"
"biriyani-lamb","Biriyani","Lamb Biriyani","confirmed","","","","","","","contains","","","contains","","","","","Declared by the restaurant in the supplied menu: D = dairy, N = nuts, G = gluten.","Owner-supplied Malabar Coast menu PDF, pages 2–9 (D/N/G legend)","Malabar Coast restaurant","2026-09-28T20:01:05+05:30"
"biriyani-fish","Biriyani","Fish Biriyani","confirmed","","","","","","","contains","","","contains","","","","","Declared by the restaurant in the supplied menu: D = dairy, N = nuts, G = gluten.","Owner-supplied Malabar Coast menu PDF, pages 2–9 (D/N/G legend)","Malabar Coast restaurant","2026-09-28T20:01:05+05:30"
"biriyani-king-prawn","Biriyani","King Prawn Biriyani","needs-review","","","","","","","","","","","","","","","","","",""
"dosa-thattu-dosa","Dosa","Thattu Dosa","needs-review","","","","","","","","","","","","","","","","","",""
"dosa-ghee-roast","Dosa","Ghee Roast","confirmed","","","","","","","contains","","","","","","","","Declared by the restaurant in the supplied menu: D = dairy, N = nuts, G = gluten.","Owner-supplied Malabar Coast menu PDF, pages 2–9 (D/N/G legend)","Malabar Coast restaurant","2026-09-28T20:01:05+05:30"
"dosa-masala-dosa","Dosa","Masala Dosa","needs-review","","","","","","","","","","","","","","","","","",""
"dosa-chicken-tikka-dosa","Dosa","Chicken Tikka Dosa","confirmed","","","","","","","contains","","","","","","","","Declared by the restaurant in the supplied menu: D = dairy, N = nuts, G = gluten.","Owner-supplied Malabar Coast menu PDF, pages 2–9 (D/N/G legend)","Malabar Coast restaurant","2026-09-28T20:01:05+05:30"
"breads-plain-naan","Breads","Plain Naan","confirmed","","contains","","","","","","","","","","","","","Declared by the restaurant in the supplied menu: D = dairy, N = nuts, G = gluten.","Owner-supplied Malabar Coast menu PDF, pages 2–9 (D/N/G legend)","Malabar Coast restaurant","2026-09-28T20:01:05+05:30"
"breads-butter-naan","Breads","Butter Naan","confirmed","","contains","","","","","","","","","","","","","Declared by the restaurant in the supplied menu: D = dairy, N = nuts, G = gluten.","Owner-supplied Malabar Coast menu PDF, pages 2–9 (D/N/G legend)","Malabar Coast restaurant","2026-09-28T20:01:05+05:30"
"breads-garlic-naan","Breads","Garlic Naan","confirmed","","contains","","","","","","","","","","","","","Declared by the restaurant in the supplied menu: D = dairy, N = nuts, G = gluten.","Owner-supplied Malabar Coast menu PDF, pages 2–9 (D/N/G legend)","Malabar Coast restaurant","2026-09-28T20:01:05+05:30"
"breads-chilli-naan","Breads","Chilli Naan","needs-review","","","","","","","","","","","","","","","","","",""
"breads-cheese-naan","Breads","Cheese Naan","needs-review","","","","","","","","","","","","","","","","","",""
"breads-peshwari-naan","Breads","Peshwari Naan","confirmed","","contains","","","","","","","","contains","","","","","Declared by the restaurant in the supplied menu: D = dairy, N = nuts, G = gluten.","Owner-supplied Malabar Coast menu PDF, pages 2–9 (D/N/G legend)","Malabar Coast restaurant","2026-09-28T20:01:05+05:30"
"breads-keema-naan","Breads","Keema Naan","needs-review","","","","","","","","","","","","","","","","","",""
"breads-tandoori-roti","Breads","Tandoori Roti","confirmed","","contains","","","","","","","","","","","","","Declared by the restaurant in the supplied menu: D = dairy, N = nuts, G = gluten.","Owner-supplied Malabar Coast menu PDF, pages 2–9 (D/N/G legend)","Malabar Coast restaurant","2026-09-28T20:01:05+05:30"
"breads-kerala-porotta-2","Breads","Kerala Porotta (2)","confirmed","","contains","","","","","","","","","","","","","Declared by the restaurant in the supplied menu: D = dairy, N = nuts, G = gluten.","Owner-supplied Malabar Coast menu PDF, pages 2–9 (D/N/G legend)","Malabar Coast restaurant","2026-09-28T20:01:05+05:30"
"breads-appam-3","Breads","Appam (3)","confirmed","","","","","","","contains","","","","","","","","Declared by the restaurant in the supplied menu: D = dairy, N = nuts, G = gluten.","Owner-supplied Malabar Coast menu PDF, pages 2–9 (D/N/G legend)","Malabar Coast restaurant","2026-09-28T20:01:05+05:30"
"breads-idiyappam-3","Breads","Idiyappam (3)","needs-review","","","","","","","","","","","","","","","","","",""
"breads-chapathi-2","Breads","Chapathi (2)","confirmed","","contains","","","","","","","","","","","","","Declared by the restaurant in the supplied menu: D = dairy, N = nuts, G = gluten.","Owner-supplied Malabar Coast menu PDF, pages 2–9 (D/N/G legend)","Malabar Coast restaurant","2026-09-28T20:01:05+05:30"
"breads-chips","Breads","Chips","needs-review","","","","","","","","","","","","","","","","","",""
"rice-plain-rice","Rice","Plain Rice","needs-review","","","","","","","","","","","","","","","","","",""
"rice-pilau-rice","Rice","Pilau Rice","needs-review","","","","","","","","","","","","","","","","","",""
"rice-coconut-rice","Rice","Coconut Rice","needs-review","","","","","","","","","","","","","","","","","",""
"rice-ghee-rice","Rice","Ghee Rice","confirmed","","","","","","","contains","","","","","","","","Declared by the restaurant in the supplied menu: D = dairy, N = nuts, G = gluten.","Owner-supplied Malabar Coast menu PDF, pages 2–9 (D/N/G legend)","Malabar Coast restaurant","2026-09-28T20:01:05+05:30"
"rice-mushroom-pilau","Rice","Mushroom Pilau","confirmed","","","","","","","contains","","","","","","","","Declared by the restaurant in the supplied menu: D = dairy, N = nuts, G = gluten.","Owner-supplied Malabar Coast menu PDF, pages 2–9 (D/N/G legend)","Malabar Coast restaurant","2026-09-28T20:01:05+05:30"
"sundries-poppadom","Sundries","Poppadom","needs-review","","","","","","","","","","","","","","","","","",""
"sundries-mixed-pickle","Sundries","Mixed Pickle","needs-review","","","","","","","","","","","","","","","","","",""
"sundries-mango-chutney","Sundries","Mango Chutney","needs-review","","","","","","","","","","","","","","","","","",""
"sundries-spiced-onion","Sundries","Spiced Onion","needs-review","","","","","","","","","","","","","","","","","",""
"sundries-raita","Sundries","Raita","confirmed","","","","","","","contains","","","","","","","","Declared by the restaurant in the supplied menu: D = dairy, N = nuts, G = gluten.","Owner-supplied Malabar Coast menu PDF, pages 2–9 (D/N/G legend)","Malabar Coast restaurant","2026-09-28T20:01:05+05:30"
"sundries-pakora-sauce","Sundries","Pakora Sauce","confirmed","","","","","","","contains","","","","","","","","Declared by the restaurant in the supplied menu: D = dairy, N = nuts, G = gluten.","Owner-supplied Malabar Coast menu PDF, pages 2–9 (D/N/G legend)","Malabar Coast restaurant","2026-09-28T20:01:05+05:30"
"sundries-pickle-tray","Sundries","Pickle Tray","needs-review","","","","","","","","","","","","","","","","","",""
"kids-menu-chicken-chasni","Kids Menu","Chicken Chasni","confirmed","","contains","","","","","contains","","","","","","","","Declared by the restaurant in the supplied menu: D = dairy, N = nuts, G = gluten.","Owner-supplied Malabar Coast menu PDF, pages 2–9 (D/N/G legend)","Malabar Coast restaurant","2026-09-28T20:01:05+05:30"
"kids-menu-chicken-korma","Kids Menu","Chicken Korma","confirmed","","contains","","","","","contains","","","","","","","","Declared by the restaurant in the supplied menu: D = dairy, N = nuts, G = gluten.","Owner-supplied Malabar Coast menu PDF, pages 2–9 (D/N/G legend)","Malabar Coast restaurant","2026-09-28T20:01:05+05:30"
"kids-menu-chicken-nuggets-and-chips","Kids Menu","Chicken Nuggets & Chips","confirmed","","contains","","","","","","","","","","","","","Declared by the restaurant in the supplied menu: D = dairy, N = nuts, G = gluten.","Owner-supplied Malabar Coast menu PDF, pages 2–9 (D/N/G legend)","Malabar Coast restaurant","2026-09-28T20:01:05+05:30"
"kids-menu-fish-fingers-and-chips","Kids Menu","Fish Fingers & Chips","confirmed","","contains","","","","","","","","","","","","","Declared by the restaurant in the supplied menu: D = dairy, N = nuts, G = gluten.","Owner-supplied Malabar Coast menu PDF, pages 2–9 (D/N/G legend)","Malabar Coast restaurant","2026-09-28T20:01:05+05:30"
"kids-menu-fish-and-chips","Kids Menu","Fish & Chips","confirmed","","contains","","","","","","","","","","","","","Declared by the restaurant in the supplied menu: D = dairy, N = nuts, G = gluten.","Owner-supplied Malabar Coast menu PDF, pages 2–9 (D/N/G legend)","Malabar Coast restaurant","2026-09-28T20:01:05+05:30"
"desserts-gulab-jamun","Desserts","Gulab Jamun","confirmed","","contains","","","","","contains","","","","","","","","Declared by the restaurant in the supplied menu: D = dairy, N = nuts, G = gluten.","Owner-supplied Malabar Coast menu PDF, pages 2–9 (D/N/G legend)","Malabar Coast restaurant","2026-09-28T20:01:05+05:30"
"desserts-palada-payasam","Desserts","Palada Payasam","confirmed","","","","","","","contains","","","","","","","","Declared by the restaurant in the supplied menu: D = dairy, N = nuts, G = gluten.","Owner-supplied Malabar Coast menu PDF, pages 2–9 (D/N/G legend)","Malabar Coast restaurant","2026-09-28T20:01:05+05:30"
"desserts-malabar-coast-special-dessert","Desserts","Malabar Coast Special Dessert","confirmed","","contains","","","","","contains","","","contains","","","","","Declared by the restaurant in the supplied menu: D = dairy, N = nuts, G = gluten.","Owner-supplied Malabar Coast menu PDF, pages 2–9 (D/N/G legend)","Malabar Coast restaurant","2026-09-28T20:01:05+05:30"
"desserts-ice-cream","Desserts","Ice Cream","needs-review","","","","","","","","","","","","","","","","","",""
"desserts-calicut-halwa","Desserts","Calicut Halwa","needs-review","","","","","","","","","","","","","","","","","",""
"desserts-agra-petha","Desserts","Agra Petha","needs-review","","","","","","","","","","","","","","","","","",""
"soft-drinks-cola","Soft Drinks","Cola","needs-review","","","","","","","","","","","","","","","","","",""
"soft-drinks-cola-zero","Soft Drinks","Cola Zero","needs-review","","","","","","","","","","","","","","","","","",""
"soft-drinks-diet-cola","Soft Drinks","Diet Cola","needs-review","","","","","","","","","","","","","","","","","",""
"soft-drinks-pepsi-max","Soft Drinks","Pepsi Max","needs-review","","","","","","","","","","","","","","","","","",""
"soft-drinks-irn-bru","Soft Drinks","Irn-Bru","needs-review","","","","","","","","","","","","","","","","","",""
"soft-drinks-diet-irn-bru","Soft Drinks","Diet Irn-Bru","needs-review","","","","","","","","","","","","","","","","","",""
"soft-drinks-tango","Soft Drinks","Tango","needs-review","","","","","","","","","","","","","","","","","",""
"soft-drinks-lemonade","Soft Drinks","Lemonade","needs-review","","","","","","","","","","","","","","","","","",""
"soft-drinks-mango-soda","Soft Drinks","Mango Soda","needs-review","","","","","","","","","","","","","","","","","",""
"soft-drinks-lime-soda","Soft Drinks","Lime Soda","needs-review","","","","","","","","","","","","","","","","","",""
"soft-drinks-mango-juice","Soft Drinks","Mango Juice","needs-review","","","","","","","","","","","","","","","","","",""
"soft-drinks-tender-coconut-water","Soft Drinks","Tender Coconut Water","needs-review","","","","","","","","","","","","","","","","","",""
"soft-drinks-fruit-shoot","Soft Drinks","Fruit Shoot","needs-review","","","","","","","","","","","","","","","","","",""
"tea-coffee-tea","Tea & Coffee","Tea","confirmed","","","","","","","contains","","","","","","","","Declared by the restaurant in the supplied menu: D = dairy, N = nuts, G = gluten.","Owner-supplied Malabar Coast menu PDF, pages 2–9 (D/N/G legend)","Malabar Coast restaurant","2026-09-28T20:01:05+05:30"
"tea-coffee-black-tea","Tea & Coffee","Black Tea","needs-review","","","","","","","","","","","","","","","","","",""
"tea-coffee-coffee","Tea & Coffee","Coffee","confirmed","","","","","","","contains","","","","","","","","Declared by the restaurant in the supplied menu: D = dairy, N = nuts, G = gluten.","Owner-supplied Malabar Coast menu PDF, pages 2–9 (D/N/G legend)","Malabar Coast restaurant","2026-09-28T20:01:05+05:30"
"tea-coffee-masala-chai","Tea & Coffee","Masala Chai","confirmed","","","","","","","contains","","","","","","","","Declared by the restaurant in the supplied menu: D = dairy, N = nuts, G = gluten.","Owner-supplied Malabar Coast menu PDF, pages 2–9 (D/N/G legend)","Malabar Coast restaurant","2026-09-28T20:01:05+05:30"
"tea-coffee-boost","Tea & Coffee","Boost","needs-review","","","","","","","","","","","","","","","","","",""
"tea-coffee-horlicks","Tea & Coffee","Horlicks","needs-review","","","","","","","","","","","","","","","","","",""
"draught-beer-cobra-half","Draught Beer","Cobra Half","needs-review","","","","","","","","","","","","","","","","","",""
"draught-beer-cobra-pint","Draught Beer","Cobra Pint","needs-review","","","","","","","","","","","","","","","","","",""
"draught-beer-kingfisher-half","Draught Beer","Kingfisher Half","needs-review","","","","","","","","","","","","","","","","","",""
"draught-beer-kingfisher-pint","Draught Beer","Kingfisher Pint","needs-review","","","","","","","","","","","","","","","","","",""
"draught-beer-madri-half","Draught Beer","Madri Half","needs-review","","","","","","","","","","","","","","","","","",""
"draught-beer-madri-pint","Draught Beer","Madri Pint","needs-review","","","","","","","","","","","","","","","","","",""
"draught-beer-aspall-half","Draught Beer","Aspall Half","needs-review","","","","","","","","","","","","","","","","","",""
"draught-beer-aspall-pint","Draught Beer","Aspall Pint","needs-review","","","","","","","","","","","","","","","","","",""
"draught-beer-bombay-bicycle-ipa-half","Draught Beer","Bombay Bicycle IPA Half","needs-review","","","","","","","","","","","","","","","","","",""
"draught-beer-bombay-bicycle-ipa-pint","Draught Beer","Bombay Bicycle IPA Pint","needs-review","","","","","","","","","","","","","","","","","",""
"draught-beer-tennent-s-half","Draught Beer","Tennent's Half","needs-review","","","","","","","","","","","","","","","","","",""
"draught-beer-tennent-s-pint","Draught Beer","Tennent's Pint","needs-review","","","","","","","","","","","","","","","","","",""
"draught-beer-toddy","Draught Beer","Toddy","needs-review","","","","","","","","","","","","","","","","","",""
"bottled-beer-cider-kingfisher","Bottled Beer & Cider","Kingfisher","needs-review","","","","","","","","","","","","","","","","","",""
"bottled-beer-cider-cobra","Bottled Beer & Cider","Cobra","needs-review","","","","","","","","","","","","","","","","","",""
"bottled-beer-cider-corona","Bottled Beer & Cider","Corona","needs-review","","","","","","","","","","","","","","","","","",""
"bottled-beer-cider-budweiser","Bottled Beer & Cider","Budweiser","needs-review","","","","","","","","","","","","","","","","","",""
"bottled-beer-cider-peroni","Bottled Beer & Cider","Peroni","needs-review","","","","","","","","","","","","","","","","","",""
"bottled-beer-cider-peroni-zero","Bottled Beer & Cider","Peroni Zero","needs-review","","","","","","","","","","","","","","","","","",""
"bottled-beer-cider-madri-zero","Bottled Beer & Cider","Madri Zero","needs-review","","","","","","","","","","","","","","","","","",""
"bottled-beer-cider-strongbow","Bottled Beer & Cider","Strongbow","needs-review","","","","","","","","","","","","","","","","","",""
"bottled-beer-cider-magners","Bottled Beer & Cider","Magners","needs-review","","","","","","","","","","","","","","","","","",""
"spirits-whisky-famous-grouse","Spirits","Famous Grouse","needs-review","","","","","","","","","","","","","","","","","",""
"spirits-whisky-jack-daniel-s","Spirits","Jack Daniel's","needs-review","","","","","","","","","","","","","","","","","",""
"spirits-whisky-jameson","Spirits","Jameson","needs-review","","","","","","","","","","","","","","","","","",""
"spirits-whisky-johnnie-walker-black-label","Spirits","Johnnie Walker Black Label","needs-review","","","","","","","","","","","","","","","","","",""
"spirits-whisky-glenfiddich-12-year-old","Spirits","Glenfiddich 12 Year Old","needs-review","","","","","","","","","","","","","","","","","",""
"spirits-cognac-three-barrels","Spirits","Three Barrels","needs-review","","","","","","","","","","","","","","","","","",""
"spirits-cognac-courvoisier-vs","Spirits","Courvoisier VS","needs-review","","","","","","","","","","","","","","","","","",""
"spirits-rum-captain-morgan","Spirits","Captain Morgan","needs-review","","","","","","","","","","","","","","","","","",""
"spirits-rum-bacardi-carta-blanca","Spirits","Bacardi Carta Blanca","needs-review","","","","","","","","","","","","","","","","","",""
"spirits-rum-malibu","Spirits","Malibu","needs-review","","","","","","","","","","","","","","","","","",""
"spirits-vodka-smirnoff","Spirits","Smirnoff","needs-review","","","","","","","","","","","","","","","","","",""
"spirits-vodka-absolut","Spirits","Absolut","needs-review","","","","","","","","","","","","","","","","","",""
"spirits-vodka-au-blue-raspberry","Spirits","AU Blue Raspberry","needs-review","","","","","","","","","","","","","","","","","",""
"spirits-gin-gordon-s","Spirits","Gordon's","needs-review","","","","","","","","","","","","","","","","","",""
"spirits-gin-bombay-sapphire","Spirits","Bombay Sapphire","needs-review","","","","","","","","","","","","","","","","","",""
"spirits-gin-whitley-neill-rhubarb-and-ginger","Spirits","Whitley Neill Rhubarb & Ginger","needs-review","","","","","","","","","","","","","","","","","",""
"spirits-tequila-jose-cuervo-silver","Spirits","Jose Cuervo Silver","needs-review","","","","","","","","","","","","","","","","","",""
"spirits-tequila-jose-cuervo-gold","Spirits","Jose Cuervo Gold","needs-review","","","","","","","","","","","","","","","","","",""
"spirits-indian-spirits-mansion-house","Spirits","Mansion House","needs-review","","","","","","","","","","","","","","","","","",""
"spirits-indian-spirits-old-monk","Spirits","Old Monk","needs-review","","","","","","","","","","","","","","","","","",""
"spirits-indian-spirits-mandakini","Spirits","Mandakini","needs-review","","","","","","","","","","","","","","","","","",""
"wine-house-wines-175ml","Wine","175ml","needs-review","","","","","","","","","","","","","","","","","",""
"wine-house-wines-250ml","Wine","250ml","needs-review","","","","","","","","","","","","","","","","","",""
"wine-house-wines-bottle","Wine","Bottle","needs-review","","","","","","","","","","","","","","","","","",""
"wine-prosecco-bottle","Wine","Bottle","needs-review","","","","","","","","","","","","","","","","","",""
"mixers-mixer-with-spirit","Mixers","Mixer with Spirit","needs-review","","","","","","","","","","","","","","","","","",""
"mixers-premium-tonic-bottled-mixer","Mixers","Premium Tonic / Bottled Mixer","needs-review","","","","","","","","","","","","","","","","","",""
"mixers-soft-drink-mixer","Mixers","Soft Drink Mixer","needs-review","","","","","","","","","","","","","","","","","",""
